region,population,storage_capacity_MW
region_0,4307554,129.9315457623357
region_1,4040279,587.1860063682614
region_2,3609393,1719.702906009944
region_3,712085,1046.5488355178522
region_4,143789,734.0347601035141
region_5,3093709,1234.4519799796533
region_6,2835396,518.0338298827621
region_7,1195921,1859.2580618951677
